customer_id,name,country,plan,seats,monthly_spend,signup_date,is_active,notes,region_code,legacy_field
1,Ana Sørensen,NO,team,12,480.50,2025-01-14,true,Renewed early after a good quarter,EMEA,
2,Bruno Oliveira,BR,free,1,0,2025-01-22,true,,LATAM,
3,Chen Wei,CN,enterprise,340,18400.00,2025-02-03,true,Migrated from a competitor in Q1,APAC,
4,Dieter Müller,DE,team,8,320.00,2025-02-11,false,Churned over a billing dispute,EMEA,
5,Elena Petrova,RU,team,N/A,410.25,2025-02-19,true,,EMEA,
6,Farid Haddad,AE,free,2,0,2025-03-02,true,Trialling for a larger rollout,EMEA,
7,Grace Okafor,NG,enterprise,210,11200.75,2025-03-08,true,,EMEA,
8,Hiroshi Tanaka,JP,team,15,600.00,2025-03-15,true,Asked about SSO,APAC,
9,Inés García,ES,free,1,,2025-03-21,false,,EMEA,
10,Jonas Berg,SE,team,9,350.00,2025-04-01,true,,EMEA,
11,Kavita Rao,IN,enterprise,180,9800.00,2025-04-09,true,Renewal due in November,APAC,
12,Liam O'Brien,IE,team,,290.00,2025-04-14,true,,EMEA,
13,Mei Lin,SG,free,1,0,2025-04-22,true,,APAC,
14,Nadia Aziz,MA,team,11,445.00,2025-05-02,NULL,,EMEA,
15,Omar Farouk,EG,enterprise,none,15300.00,2025-05-11,true,Very large seat count pending,EMEA,
16,Petra Novak,CZ,team,7,275.50,2025-05-18,true,,EMEA,
17,Quentin Dubois,FR,free,1,0,2025-05-26,false,Never activated,EMEA,
18,Rosa Jiménez,MX,team,14,560.00,2025-06-03,true,,LATAM,
19,Sven Larsen,DK,team,10,390.00,2025-06-12,true,,EMEA,
20,Tariq Nasser,JO,enterprise,95,5200.00,2025-06-20,true,Expanded twice this year,EMEA,
21,Ulrike Fischer,AT,team,-,305.00,2025-06-28,true,,EMEA,
22,Viktor Kovac,SK,free,1,0,2025-07-05,true,,EMEA,
23,Wanjiru Kamau,KE,team,13,520.00,2025-07-14,true,,EMEA,
24,Ximena Rojas,CL,enterprise,240,13100.00,2025-07-21,true,,LATAM,
25,Yusuf Demir,TR,team,6,240.00,2025-07-29,true,,EMEA,
26,Zara Ahmed,PK,free,1,0,2025-08-04,unknown,,APAC,
27,Andrés Silva,PT,team,16,640.00,2025-08-13,true,,EMEA,
28,Beata Kowalska,PL,enterprise,420,999999.00,2025-08-22,true,Suspected data-entry error on spend,EMEA,
29,Camille Laurent,BE,team,8,310.00,2025-09-01,true,,EMEA,
30,Dmitri Volkov,KZ,free,1,0,2025-09-09,true,,APAC,
