event_id,user_id,event_type,duration_ms,occurred_at
e1,1,login,120,2025-09-01T08:15:00
e2,1,export,4500,2025-09-01T08:22:00
e3,3,login,95,2025-09-01T09:02:00
e4,3,report_view,1800,2025-09-01T09:05:00
e5,7,login,110,2025-09-01T10:31:00
e6,7,export,98000,2025-09-01T10:40:00
e7,11,login,105,2025-09-01T11:12:00
e8,11,report_view,2200,2025-09-01T11:15:00
e9,20,login,,2025-09-01T12:03:00
e10,20,export,5100,2025-09-01T12:11:00
e11,24,login,130,2025-09-01T13:45:00
e12,24,report_view,1650,2025-09-01T13:48:00
